location_id,gateway,n_events,n_metrics,first_seen,last_seen
yyc-c1-r11,yyc-linc360-p-1,12614,53,2025-08-27 10:06:18.194998832,2026-03-28 20:07:07.725996307
yyc-c1-r3,yyc-linc360-p-1,12669,53,2025-08-27 10:06:18.194998832,2026-03-28 21:06:55.813003104
yyc-c1-r299,yyc-linc360-p-1,12168,53,2025-08-27 10:06:18.194998832,2026-03-28 20:07:07.725996307
yyc-c1-r263,yyc-linc360-p-1,12186,53,2025-08-27 10:06:18.194998832,2026-03-28 20:07:07.725996307
yyc-c1-r261,yyc-linc360-p-1,12409,53,2025-08-27 10:06:18.194998832,2026-03-28 20:07:07.725996307
yyc-c1-r259,yyc-linc360-p-1,12140,53,2025-08-27 10:06:18.194998832,2026-03-28 20:07:07.725996307
yyc-c1-r257,yyc-linc360-p-1,12315,53,2025-08-27 10:06:18.194998832,2026-03-28 20:07:07.725996307
yyc-c1-r255,yyc-linc360-p-1,12134,53,2025-08-27 10:06:18.194998832,2026-03-28 20:07:07.725996307
yyc-c1-r249,yyc-linc360-p-1,12061,53,2025-08-27 10:06:18.194998832,2026-03-28 20:07:07.725996307
yyc-c1-r301,yyc-linc360-p-1,12125,53,2025-08-27 10:06:18.194998832,2026-03-28 20:07:07.725996307
yyc-c1-r247,yyc-linc360-p-1,12084,53,2025-08-27 10:06:18.194998832,2026-03-28 20:07:07.725996307
yyc-c1-r243,yyc-linc360-p-1,11450,53,2025-08-27 10:06:18.194998832,2026-03-28 20:07:07.725996307
yyc-c1-r241,yyc-linc360-p-1,12207,53,2025-08-27 11:05:41.325996609,2026-03-28 20:07:07.725996307
yyc-c1-r239,yyc-linc360-p-1,9812,53,2025-08-27 10:06:18.194998832,2026-03-28 20:07:07.725996307
yyc-c1-r237,yyc-linc360-p-1,12197,53,2025-08-27 10:06:18.194998832,2026-03-28 20:07:07.725996307
yyc-c1-r235,yyc-linc360-p-1,9835,53,2025-08-27 10:06:18.194998832,2026-03-28 20:07:07.725996307
yyc-c1-r233,yyc-linc360-p-1,12238,53,2025-08-27 10:06:18.194998832,2026-03-28 20:07:07.725996307
yyc-c1-r227,yyc-linc360-p-1,13714,53,2025-08-27 10:06:18.194998832,2026-03-28 20:07:07.725996307
yyc-c1-r225,yyc-linc360-p-1,11302,53,2025-08-27 10:06:18.194998832,2026-03-28 20:07:07.725996307
yyc-c1-r245,yyc-linc360-p-1,11832,53,2025-08-27 10:06:18.194998832,2026-03-28 20:07:07.725996307
yyc-c1-r223,yyc-linc360-p-1,10273,53,2025-08-27 10:06:18.194998832,2026-03-28 20:07:07.725996307
yyc-c1-r303,yyc-linc360-p-1,11994,53,2025-08-27 10:06:18.194998832,2026-03-28 20:07:07.725996307
yyc-c1-r332,yyc-linc360-p-1,11910,53,2025-08-27 10:06:18.194998832,2026-03-28 20:07:07.725996307
yyc-c1-r9,yyc-linc360-p-1,10370,53,2025-08-27 10:06:18.194998832,2026-03-28 20:07:07.725996307
yyc-c1-r85,yyc-linc360-p-1,11205,53,2025-08-27 10:06:18.194998832,2026-03-28 20:07:07.725996307
yyc-c1-r83,yyc-linc360-p-1,11261,53,2025-08-27 10:06:18.194998832,2026-03-28 20:07:07.725996307
yyc-c1-r81,yyc-linc360-p-1,11055,53,2025-08-27 10:06:18.194998832,2026-03-28 20:07:07.725996307
yyc-c1-r79,yyc-linc360-p-1,11324,53,2025-08-27 10:06:18.194998832,2026-03-28 20:07:07.725996307
yyc-c1-r77,yyc-linc360-p-1,10989,53,2025-08-27 11:05:41.325996609,2026-03-28 20:07:07.725996307
yyc-c1-r7,yyc-linc360-p-1,11985,53,2025-08-27 10:06:18.194998832,2026-03-28 20:07:07.725996307
yyc-c1-r51,yyc-linc360-p-1,10694,53,2025-08-27 10:06:18.194998832,2026-03-28 20:07:07.725996307
yyc-c1-r305,yyc-linc360-p-1,12196,53,2025-08-27 10:06:18.194998832,2026-03-28 20:07:07.725996307
yyc-c1-r5,yyc-linc360-p-1,11508,53,2025-08-27 10:06:18.194998832,2026-03-28 20:07:07.725996307
yyc-c1-r47,yyc-linc360-p-1,11127,53,2025-08-27 10:06:18.194998832,2026-03-28 20:07:07.725996307
yyc-c1-r45,yyc-linc360-p-1,10233,53,2025-08-27 10:06:18.194998832,2026-03-28 20:07:07.725996307
yyc-c1-r43,yyc-linc360-p-1,10082,53,2025-08-27 10:06:18.194998832,2026-03-28 20:07:07.725996307
yyc-c1-r41,yyc-linc360-p-1,10269,53,2025-08-27 10:06:18.194998832,2026-03-28 20:07:07.725996307
yyc-c1-r39,yyc-linc360-p-1,10072,53,2025-08-27 10:06:18.194998832,2026-03-28 20:07:07.725996307
yyc-c1-r338,yyc-linc360-p-1,15640,53,2025-08-27 10:06:18.194998832,2026-03-28 20:07:07.725996307
yyc-c1-r336,yyc-linc360-p-1,12742,53,2025-08-27 10:06:18.194998832,2026-03-28 20:07:07.725996307
yyc-c1-r334,yyc-linc360-p-1,14184,53,2025-08-27 10:06:18.194998832,2026-03-28 20:07:07.725996307
yyc-c1-r49,yyc-linc360-p-1,10856,53,2025-08-27 10:06:18.194998832,2026-03-28 20:07:07.725996307
yyc-c1-r221,yyc-linc360-p-1,14791,53,2025-08-27 10:06:18.194998832,2026-03-28 20:07:07.725996307
yyc-c1-r87,yyc-linc360-p-1,11137,53,2025-08-27 10:06:18.194998832,2026-03-28 20:07:07.725996307
yyc-c1-r217,yyc-linc360-p-1,21627,53,2025-08-27 10:06:18.194998832,2026-03-28 20:07:07.725996307
yyc-c1-r159,yyc-linc360-p-1,10481,53,2025-08-27 10:06:18.194998832,2026-03-28 20:07:07.725996307
yyc-c1-r157,yyc-linc360-p-1,10851,53,2025-08-27 10:06:18.194998832,2026-03-28 20:07:07.725996307
yyc-c1-r155,yyc-linc360-p-1,10799,53,2025-08-27 10:06:18.194998832,2026-03-28 20:07:07.725996307
yyc-c1-r153,yyc-linc360-p-1,10221,53,2025-08-27 10:06:18.194998832,2026-03-28 21:06:55.813003104
yyc-c1-r151,yyc-linc360-p-1,10548,53,2025-08-27 10:06:18.194998832,2026-03-28 21:06:55.813003104
yyc-c1-r149,yyc-linc360-p-1,10216,53,2025-08-27 10:06:18.194998832,2026-03-28 21:06:55.813003104
yyc-c1-r147,yyc-linc360-p-1,10104,53,2025-08-27 10:06:18.194998832,2026-03-28 21:06:55.813003104
yyc-c1-r145,yyc-linc360-p-1,10048,53,2025-08-27 10:06:18.194998832,2026-03-28 21:06:55.813003104
yyc-c1-r161,yyc-linc360-p-1,10884,53,2025-08-27 10:06:18.194998832,2026-03-28 20:07:07.725996307
yyc-c1-r139,yyc-linc360-p-1,9886,53,2025-08-27 10:06:18.194998832,2026-03-28 21:06:55.813003104
yyc-c1-r135,yyc-linc360-p-1,8621,53,2025-08-27 10:06:18.194998832,2026-03-28 20:07:07.725996307
yyc-c1-r133,yyc-linc360-p-1,10155,53,2025-08-27 10:06:18.194998832,2026-03-28 21:06:55.813003104
yyc-c1-r131,yyc-linc360-p-1,10322,53,2025-08-27 10:06:18.194998832,2026-03-28 21:06:55.813003104
yyc-c1-r13,yyc-linc360-p-1,10947,53,2025-08-27 10:06:18.194998832,2026-03-28 20:07:07.725996307
yyc-c1-r129,yyc-linc360-p-1,9930,53,2025-08-27 10:06:18.194998832,2026-03-28 21:06:55.813003104
yyc-c1-r127,yyc-linc360-p-1,8488,53,2025-08-27 10:06:18.194998832,2026-03-28 21:06:55.813003104
yyc-c1-r125,yyc-linc360-p-1,9835,53,2025-08-27 10:06:18.194998832,2026-03-28 20:07:07.725996307
yyc-c1-r219,yyc-linc360-p-1,12800,53,2025-08-27 10:06:18.194998832,2026-03-28 20:07:07.725996307
yyc-c1-r137,yyc-linc360-p-1,10013,53,2025-08-27 10:06:18.194998832,2026-03-28 21:06:55.813003104
yyc-c1-r167,yyc-linc360-p-1,12032,53,2025-08-27 10:06:18.194998832,2026-03-28 20:07:07.725996307
yyc-c1-r123,yyc-linc360-p-1,9938,53,2025-08-27 10:06:18.194998832,2026-03-28 20:07:07.725996307
yyc-c1-r171,yyc-linc360-p-1,11882,53,2025-08-27 10:06:18.194998832,2026-03-28 20:07:07.725996307
yyc-c1-r169,yyc-linc360-p-1,11849,53,2025-08-27 10:06:18.194998832,2026-03-28 20:07:07.725996307
yyc-c1-r215,yyc-linc360-p-1,19923,53,2025-08-27 10:06:18.194998832,2026-03-28 20:07:07.725996307
yyc-c1-r213,yyc-linc360-p-1,15136,53,2025-08-27 10:06:18.194998832,2026-03-28 20:07:07.725996307
yyc-c1-r211,yyc-linc360-p-1,17647,53,2025-08-27 10:06:18.194998832,2026-03-28 20:07:07.725996307
yyc-c1-r205,yyc-linc360-p-1,11292,53,2025-08-27 10:06:18.194998832,2026-03-28 20:07:07.725996307
yyc-c1-r203,yyc-linc360-p-1,10586,53,2025-08-27 10:06:18.194998832,2026-03-28 20:07:07.725996307
yyc-c1-r199,yyc-linc360-p-1,10707,53,2025-08-27 10:06:18.194998832,2026-03-28 20:07:07.725996307
yyc-c1-r197,yyc-linc360-p-1,9989,53,2025-08-27 10:06:18.194998832,2026-03-28 20:07:07.725996307
yyc-c1-r195,yyc-linc360-p-1,10007,53,2025-08-27 10:06:18.194998832,2026-03-28 20:07:07.725996307
yyc-c1-r201,yyc-linc360-p-1,10828,53,2025-08-27 10:06:18.194998832,2026-03-28 20:07:07.725996307
yyc-c1-r191,yyc-linc360-p-1,10667,53,2025-08-27 10:06:18.194998832,2026-03-28 20:07:07.725996307
yyc-c1-r173,yyc-linc360-p-1,12026,53,2025-08-27 10:06:18.194998832,2026-03-28 20:07:07.725996307
yyc-c1-r193,yyc-linc360-p-1,10850,53,2025-08-27 10:06:18.194998832,2026-03-28 20:07:07.725996307
yyc-c1-r177,yyc-linc360-p-1,11629,53,2025-08-27 10:06:18.194998832,2026-03-28 20:07:07.725996307
yyc-c1-r179,yyc-linc360-p-1,12023,53,2025-08-27 10:06:18.194998832,2026-03-28 20:07:07.725996307
yyc-c1-r175,yyc-linc360-p-1,12228,53,2025-08-27 10:06:18.194998832,2026-03-28 20:07:07.725996307
yyc-c1-r183,yyc-linc360-p-1,11945,53,2025-08-27 10:06:18.194998832,2026-03-28 20:07:07.725996307
yyc-c1-r189,yyc-linc360-p-1,10287,53,2025-08-27 10:06:18.194998832,2026-03-28 20:07:07.725996307
yyc-c1-r181,yyc-linc360-p-1,12364,53,2025-08-27 10:06:18.194998832,2026-03-28 20:07:07.725996307
yyc-c2-r264,yyc-linc360-p-2,12503,53,2025-06-12 16:52:44.999999109,2026-03-28 21:06:55.813003104
yyc-c2-r248,yyc-linc360-p-2,12364,53,2025-06-12 16:53:03.999998520,2026-03-28 20:07:07.725996307
yyc-c2-r262,yyc-linc360-p-2,10677,53,2025-06-12 16:52:43.999996990,2026-03-28 20:07:07.725996307
yyc-c2-r260,yyc-linc360-p-2,12416,53,2025-06-12 16:52:43.999996990,2026-03-28 21:06:55.813003104
yyc-c2-r258,yyc-linc360-p-2,12503,53,2025-06-12 16:52:59.000004264,2026-03-28 20:07:07.725996307
yyc-c2-r256,yyc-linc360-p-2,12422,53,2025-06-12 16:52:59.999998209,2026-03-28 20:07:07.725996307
yyc-c2-r250,yyc-linc360-p-2,12338,53,2025-06-12 16:53:02.000002447,2026-03-28 21:06:55.813003104
yyc-c2-r246,yyc-linc360-p-2,12531,53,2025-06-12 16:53:03.999998520,2026-03-28 20:07:07.725996307
yyc-c2-r224,yyc-linc360-p-2,12562,53,2025-06-12 16:52:34.000000302,2026-03-28 21:06:55.813003104
yyc-c2-r242,yyc-linc360-p-2,12382,53,2025-06-12 16:52:55.999997906,2026-03-28 20:07:07.725996307
yyc-c2-r240,yyc-linc360-p-2,10660,53,2025-06-12 16:52:57.000000025,2026-03-28 21:06:55.813003104
yyc-c2-r238,yyc-linc360-p-2,12259,53,2025-06-12 16:52:58.000002144,2026-03-28 20:07:07.725996307
yyc-c2-r236,yyc-linc360-p-2,12191,53,2025-06-12 16:54:26.325002724,2026-03-28 20:07:07.725996307
yyc-c2-r234,yyc-linc360-p-2,12346,53,2025-06-12 16:52:30.000000000,2026-03-28 21:06:55.813003104
yyc-c2-r228,yyc-linc360-p-2,12627,53,2025-06-12 16:52:27.000001816,2026-03-28 21:06:55.813003104
yyc-c2-r226,yyc-linc360-p-2,12480,53,2025-06-12 16:52:28.999997880,2026-03-28 21:06:55.813003104
yyc-c2-r222,yyc-linc360-p-2,10929,53,2025-06-12 16:52:31.999996064,2026-03-28 21:06:55.813003104
yyc-c2-r244,yyc-linc360-p-2,12425,53,2025-06-12 16:54:26.325002724,2026-03-28 21:06:55.813003104
yyc-c2-r300,yyc-linc360-p-2,11644,53,2025-06-12 16:53:20.863999403,2026-03-28 21:06:55.813003104
yyc-c2-r40,yyc-linc360-p-2,12008,53,2025-06-12 16:53:19.999999740,2026-03-28 21:06:55.813003104
yyc-c2-r304,yyc-linc360-p-2,12479,53,2025-06-12 17:06:24.094998685,2026-03-28 21:06:55.813003104
yyc-c2-r84,yyc-linc360-p-2,10838,53,2025-06-12 17:06:24.094998685,2026-03-28 21:06:55.813003104
yyc-c2-r220,yyc-linc360-p-2,13047,53,2025-06-12 16:52:31.999996064,2026-03-28 21:06:55.813003104
yyc-c2-r82,yyc-linc360-p-2,11845,53,2025-06-12 16:53:09.000000942,2026-03-28 21:06:55.813003104
yyc-c2-r80,yyc-linc360-p-2,11819,53,2025-06-12 16:53:10.000003061,2026-03-28 21:06:55.813003104
yyc-c2-r8,yyc-linc360-p-2,12425,53,2025-06-12 17:06:24.094998685,2026-03-28 21:06:55.813003104
yyc-c2-r78,yyc-linc360-p-2,11923,53,2025-06-12 17:06:24.094998685,2026-03-28 21:06:55.813003104
yyc-c2-r6,yyc-linc360-p-2,10593,53,2025-06-12 16:53:18.999997621,2026-03-28 21:06:55.813003104
yyc-c2-r50,yyc-linc360-p-2,12183,53,2025-06-12 16:53:07.999998823,2026-03-28 21:06:55.813003104
yyc-c2-r302,yyc-linc360-p-2,11628,53,2025-06-12 16:52:43.000003035,2026-03-28 21:06:55.813003104
yyc-c2-r48,yyc-linc360-p-2,12054,53,2025-06-12 16:53:19.999999740,2026-03-28 21:06:55.813003104
yyc-c2-r44,yyc-linc360-p-2,12140,53,2025-06-12 16:53:22.000003987,2026-03-28 21:06:55.813003104
yyc-c2-r42,yyc-linc360-p-2,12184,53,2025-06-12 16:53:21.000001859,2026-03-28 21:06:55.813003104
yyc-c2-r4,yyc-linc360-p-2,11666,53,2025-06-12 16:53:17.000001556,2026-03-28 21:06:55.813003104
yyc-c2-r339,yyc-linc360-p-2,12770,53,2025-06-12 16:52:48.999999411,2026-03-28 20:07:07.725996307
yyc-c2-r337,yyc-linc360-p-2,13518,53,2025-06-12 16:52:47.999997292,2026-03-28 21:06:55.813003104
yyc-c2-r335,yyc-linc360-p-2,15568,53,2025-06-12 16:52:47.999997292,2026-03-28 20:07:07.725996307
yyc-c2-r333,yyc-linc360-p-2,12788,53,2025-06-12 16:52:54.000001842,2026-03-28 21:06:55.813003104
yyc-c2-r306,yyc-linc360-p-2,10690,53,2025-06-12 16:52:52.999999714,2026-03-28 21:06:55.813003104
yyc-c2-r46,yyc-linc360-p-2,11924,53,2025-06-12 16:53:20.863999403,2026-03-28 21:06:55.813003104
yyc-c2-r218,yyc-linc360-p-2,13662,53,2025-06-12 16:54:26.325002724,2026-03-28 21:06:55.813003104
yyc-c2-r168,yyc-linc360-p-2,12627,53,2025-06-12 16:53:25.000002170,2026-03-28 20:07:07.725996307
yyc-c2-r214,yyc-linc360-p-2,13372,53,2025-06-12 16:52:24.999997569,2026-03-28 21:06:55.813003104
yyc-c2-r154,yyc-linc360-p-2,10611,53,2025-06-12 16:53:20.863999403,2026-03-28 21:06:55.813003104
yyc-c2-r152,yyc-linc360-p-2,10368,53,2025-06-12 17:06:24.094998685,2026-03-28 21:06:55.813003104
yyc-c2-r150,yyc-linc360-p-2,10565,53,2025-06-12 17:06:24.094998685,2026-03-28 21:06:55.813003104
yyc-c2-r148,yyc-linc360-p-2,9615,53,2025-06-12 17:06:24.094998685,2026-03-28 21:06:55.813003104
yyc-c2-r146,yyc-linc360-p-2,9787,53,2025-06-12 16:53:20.863999403,2026-03-28 21:06:55.813003104
yyc-c2-r140,yyc-linc360-p-2,12124,53,2025-06-12 16:53:36.000000968,2026-03-28 21:06:55.813003104
yyc-c2-r138,yyc-linc360-p-2,9923,53,2025-06-12 17:06:24.094998685,2026-03-28 21:06:55.813003104
yyc-c2-r136,yyc-linc360-p-2,11400,53,2025-06-12 16:53:20.863999403,2026-03-28 21:06:55.813003104
yyc-c2-r134,yyc-linc360-p-2,11329,53,2025-06-12 17:06:24.094998685,2026-03-28 21:06:55.813003104
yyc-c2-r132,yyc-linc360-p-2,12253,53,2025-06-12 16:53:37.000003087,2026-03-28 20:07:07.725996307
yyc-c2-r130,yyc-linc360-p-2,12509,53,2025-06-12 16:53:11.999999135,2026-03-28 21:06:55.813003104
yyc-c2-r128,yyc-linc360-p-2,10606,53,2025-06-12 16:53:13.000001254,2026-03-28 21:06:55.813003104
yyc-c2-r126,yyc-linc360-p-2,12298,53,2025-06-12 16:53:10.999997007,2026-03-28 20:07:07.725996307
yyc-c2-r124,yyc-linc360-p-2,12207,53,2025-06-12 16:53:14.000003373,2026-03-28 21:06:55.813003104
yyc-c2-r12,yyc-linc360-p-2,11658,53,2025-06-12 16:54:26.325002724,2026-03-28 21:06:55.813003104
yyc-c2-r10,yyc-linc360-p-2,10994,53,2025-06-12 16:53:14.999997318,2026-03-28 21:06:55.813003104
yyc-c2-r86,yyc-linc360-p-2,9889,53,2025-06-12 16:53:20.863999403,2026-03-28 21:06:55.813003104
yyc-c2-r156,yyc-linc360-p-2,11829,53,2025-06-12 17:06:24.094998685,2026-03-28 21:06:55.813003104
yyc-c2-r158,yyc-linc360-p-2,11784,53,2025-06-12 16:53:26.999998235,2026-03-28 21:06:55.813003104
yyc-c2-r160,yyc-linc360-p-2,11533,53,2025-06-12 17:06:24.094998685,2026-03-28 21:06:55.813003104
yyc-c2-r162,yyc-linc360-p-2,11807,53,2025-06-12 17:06:24.094998685,2026-03-28 21:06:55.813003104
yyc-c2-r212,yyc-linc360-p-2,13608,53,2025-06-12 16:52:25.999999697,2026-03-28 21:06:55.813003104
yyc-c2-r206,yyc-linc360-p-2,12780,53,2025-06-12 16:52:40.999998797,2026-03-28 21:06:55.813003104
yyc-c2-r204,yyc-linc360-p-2,12222,53,2025-06-12 16:52:42.000000916,2026-03-28 21:06:55.813003104
yyc-c2-r202,yyc-linc360-p-2,12336,53,2025-06-12 16:52:39.000002733,2026-03-28 21:06:55.813003104
yyc-c2-r200,yyc-linc360-p-2,12399,53,2025-06-12 16:52:39.999996678,2026-03-28 21:06:55.813003104
yyc-c2-r198,yyc-linc360-p-2,10407,53,2025-06-12 17:06:24.094998685,2026-03-28 21:06:55.813003104
yyc-c2-r196,yyc-linc360-p-2,11865,53,2025-06-12 16:53:20.863999403,2026-03-28 21:06:55.813003104
yyc-c2-r194,yyc-linc360-p-2,11836,53,2025-06-12 16:52:35.999996376,2026-03-28 21:06:55.813003104
yyc-c2-r216,yyc-linc360-p-2,11969,53,2025-06-12 16:53:20.863999403,2026-03-28 21:06:55.813003104
yyc-c2-r192,yyc-linc360-p-2,10468,53,2025-06-12 16:52:35.000002430,2026-03-28 20:07:07.725996307
yyc-c2-r184,yyc-linc360-p-2,12428,53,2025-06-12 16:52:36.999998495,2026-03-28 20:07:07.725996307
yyc-c2-r182,yyc-linc360-p-2,10819,53,2025-06-12 17:06:24.094998685,2026-03-28 21:06:55.813003104
yyc-c2-r180,yyc-linc360-p-2,10696,53,2025-06-12 16:53:30.000004592,2026-03-28 20:07:07.725996307
yyc-c2-r178,yyc-linc360-p-2,12669,53,2025-06-12 16:53:29.000002473,2026-03-28 20:07:07.725996307
yyc-c2-r176,yyc-linc360-p-2,12481,53,2025-06-12 16:53:28.000000354,2026-03-28 20:07:07.725996307
yyc-c2-r174,yyc-linc360-p-2,12536,53,2025-06-12 16:53:34.999998849,2026-03-28 20:07:07.725996307
yyc-c2-r172,yyc-linc360-p-2,12480,53,2025-06-12 16:53:33.000002784,2026-03-28 20:07:07.725996307
yyc-c2-r170,yyc-linc360-p-2,12216,53,2025-06-12 16:53:24.000000051,2026-03-28 20:07:07.725996307
yyc-c2-r190,yyc-linc360-p-2,11736,53,2025-06-12 17:06:24.094998685,2026-03-28 21:06:55.813003104
yyc-c2-r88,yyc-linc360-p-2,10950,53,2025-06-12 17:06:24.094998685,2026-03-28 20:07:07.725996307
