location_id,metric,count,mean,min,max
yyc-c1-r11,lastSeen,1342,1761800709.5543964,1758061871,1772139512
yyc-c1-r11,stale,5725,0.725764192139738,0,1
yyc-c1-r123,lastSeen,778,1763061088.5308483,1758061716,1772139326
yyc-c1-r123,stale,5617,0.7397187110557237,0,1
yyc-c1-r125,lastSeen,779,1763327525.9974327,1758061718,1772139366
yyc-c1-r125,stale,5579,0.7447571249327837,0,1
yyc-c1-r127,lastSeen,566,1763301271.7650177,1758061753,1772140037
yyc-c1-r127,stale,5441,0.7636463885315199,0,1
yyc-c1-r129,lastSeen,810,1763181245.1024692,1758062365,1772140032
yyc-c1-r129,stale,5577,0.7453828223058993,0,1
yyc-c1-r13,lastSeen,1009,1762373016.1873143,1758061884,1772139671
yyc-c1-r13,stale,5597,0.742540646775058,0,1
yyc-c1-r131,lastSeen,935,1763013749.8791444,1758062399,1772140072
yyc-c1-r131,stale,5682,0.731432594156987,0,1
yyc-c1-r133,lastSeen,1112,1763076209.2248201,1758062292,1772140047
yyc-c1-r133,stale,5779,0.7189825229278421,0,1
yyc-c1-r135,lastSeen,708,1763486477.2217515,1758062294,1772140007
yyc-c1-r135,stale,5549,0.7487835646062354,0,1
yyc-c1-r137,lastSeen,1082,1763072201.383549,1758062328,1772140178
yyc-c1-r137,stale,5742,0.7237896203413445,0,1
yyc-c1-r139,lastSeen,852,1762938533.5551643,1758062504,1772140175
yyc-c1-r139,stale,5614,0.7401140007125044,0,1
yyc-c1-r145,lastSeen,796,1763278082.1444724,1758062501,1772140209
yyc-c1-r145,stale,5574,0.7459634015069968,0,1
yyc-c1-r147,lastSeen,771,1763400508.1763942,1758062451,1772140192
yyc-c1-r147,stale,5571,0.7461856040208221,0,1
yyc-c1-r149,lastSeen,815,1763485724.595092,1758062426,1772140099
yyc-c1-r149,stale,5579,0.7447571249327837,0,1
yyc-c1-r151,lastSeen,852,1763431104.859155,1758062462,1772140127
yyc-c1-r151,stale,5586,0.7441818832796276,0,1
yyc-c1-r153,lastSeen,798,1763534698.6616542,1758062169,1772140118
yyc-c1-r153,stale,5601,0.7420103552936975,0,1
yyc-c1-r155,lastSeen,907,1763385483.522602,1758062154,1772139840
yyc-c1-r155,stale,5599,0.7420968030005358,0,1
yyc-c1-r157,lastSeen,913,1763436266.0668128,1758062135,1772139830
yyc-c1-r157,stale,5624,0.7389758179231863,0,1
yyc-c1-r159,lastSeen,849,1763359350.3698468,1758062091,1772139739
yyc-c1-r159,stale,5567,0.7467217531884318,0,1
yyc-c1-r161,lastSeen,922,1763405052.6355748,1758062092,1772139768
yyc-c1-r161,stale,5612,0.7405559515324305,0,1
yyc-c1-r167,lastSeen,1059,1763292328.181303,1758062128,1772139922
yyc-c1-r167,stale,5633,0.7377951358068525,0,1
yyc-c1-r169,lastSeen,1035,1763188870.6966183,1758062256,1772139917
yyc-c1-r169,stale,5588,0.743915533285612,0,1
yyc-c1-r171,lastSeen,1052,1763378669.6692016,1758062268,1772139947
yyc-c1-r171,stale,5589,0.743782429772768,0,1
yyc-c1-r173,lastSeen,1072,1763164301.7005596,1758062221,1772139924
yyc-c1-r173,stale,5593,0.7430716967638119,0,1
yyc-c1-r175,lastSeen,1102,1763180008.9863884,1758062222,1772139896
yyc-c1-r175,stale,5630,0.7380106571936057,0,1
yyc-c1-r177,lastSeen,1010,1763222265.709901,1758062236,1772139891
yyc-c1-r177,stale,5639,0.7370101081752084,0,1
yyc-c1-r179,lastSeen,1071,1763454818.9981325,1758060999,1772139148
yyc-c1-r179,stale,5639,0.7237098776378791,0,1
yyc-c1-r181,lastSeen,1141,1763471739.5942156,1758060993,1772138616
yyc-c1-r181,stale,5646,0.7355650017711655,0,1
yyc-c1-r183,lastSeen,1100,1763506458.3636363,1758060951,1772138604
yyc-c1-r183,stale,5619,0.593699946609717,0,1
yyc-c1-r189,lastSeen,864,1763506169.0185184,1757016952,1772138532
yyc-c1-r189,stale,5631,0.537559936068194,0,1
yyc-c1-r191,lastSeen,916,1763705036.1277292,1758060942,1772138569
yyc-c1-r191,stale,5668,0.6196189131968949,0,1
yyc-c1-r193,lastSeen,927,1763278328.2308521,1758060959,1772138723
yyc-c1-r193,stale,5651,0.657759688550699,0,1
yyc-c1-r195,lastSeen,778,1763307813.3303342,1758061082,1772138758
yyc-c1-r195,stale,5569,0.7459148859759382,0,1
yyc-c1-r197,lastSeen,783,1763547947.5108557,1758061120,1772138753
yyc-c1-r197,stale,5555,0.7476147614761476,0,1
yyc-c1-r199,lastSeen,892,1763402537.6580718,1758061028,1772138651
yyc-c1-r199,stale,5600,0.7414285714285714,0,1
yyc-c1-r201,lastSeen,899,1763266336.676307,1758061030,1772138688
yyc-c1-r201,stale,5621,0.7386586016723004,0,1
yyc-c1-r203,lastSeen,894,1763155042.8803132,1756318476,1772138670
yyc-c1-r203,stale,5675,0.4701321585903084,0,1
yyc-c1-r205,lastSeen,1252,1764390392.6701279,1756918820,1772138326
yyc-c1-r205,stale,5915,0.17886728655959425,0,1
yyc-c1-r211,lastSeen,5990,1763193481.5106845,1756291232,1772138363
yyc-c1-r211,stale,9785,0.06918753193663771,0,1
yyc-c1-r213,lastSeen,4595,1761145679.22568,1756289378,1772138342
yyc-c1-r213,stale,8585,0.2820034944670938,0,1
yyc-c1-r215,lastSeen,7695,1762196563.0835607,1756291217,1772138296
yyc-c1-r215,stale,10779,0.08423786993227572,0,1
yyc-c1-r217,lastSeen,8371,1765393401.3350854,1756289379,1772138291
yyc-c1-r217,stale,11342,0.0722976547346147,0,1
yyc-c1-r219,lastSeen,3202,1765475171.4144285,1756293118,1772138470
yyc-c1-r219,stale,7516,0.09300159659393294,0,1
yyc-c1-r221,lastSeen,4232,1766056816.4910207,1756297744,1772138504
yyc-c1-r221,stale,8123,0.10981164594361689,0,1
yyc-c1-r223,lastSeen,1741,1762525463.9253302,1756295084,1772138481
yyc-c1-r223,stale,6321,0.3890207245688973,0,1
yyc-c1-r225,lastSeen,2415,1761975349.7751553,1756296837,1772138399
yyc-c1-r225,stale,6925,0.3470036101083033,0,1
yyc-c1-r227,lastSeen,3574,1764819702.234471,1756307232,1772138416
yyc-c1-r227,stale,7869,0.09162536535773287,0,1
yyc-c1-r233,lastSeen,1171,1763584660.4560206,1758060822,1772139027
yyc-c1-r233,stale,5802,0.5077559462254395,0,1
yyc-c1-r235,lastSeen,741,1763586159.1363022,1758061410,1772139058
yyc-c1-r235,stale,5521,0.752399927549357,0,1
yyc-c1-r237,lastSeen,1093,1763166388.188472,1758061436,1772139056
yyc-c1-r237,stale,5623,0.7387515561088387,0,1
yyc-c1-r239,lastSeen,734,1763586098.0163488,1758061346,1772139030
yyc-c1-r239,stale,5511,0.7537651968789694,0,1
yyc-c1-r241,lastSeen,1091,1763202346.445463,1758061348,1772138991
yyc-c1-r241,stale,5638,0.7366087264987584,0,1
yyc-c1-r243,lastSeen,969,1762640134.991744,1758061380,1772139141
yyc-c1-r243,stale,5633,0.7374400852121428,0,1
yyc-c1-r245,lastSeen,1039,1763192362.9672763,1758061520,1772139141
yyc-c1-r245,stale,5564,0.7336448598130841,0,1
yyc-c1-r247,lastSeen,1078,1763158574.884972,1758061521,1772139153
yyc-c1-r247,stale,5618,0.7394090423638305,0,1
yyc-c1-r249,lastSeen,1077,1763248505.0482821,1758061476,1772139146
yyc-c1-r249,stale,5689,0.7301810511513447,0,1
yyc-c1-r255,lastSeen,1088,1763186351.4558823,1758061452,1772139128
yyc-c1-r255,stale,5577,0.7448448986910525,0,1
yyc-c1-r257,lastSeen,1122,1763111163.9456327,1758061486,1772139126
yyc-c1-r257,stale,5571,0.7456471010590559,0,1
yyc-c1-r259,lastSeen,1077,1763232748.1857011,1758061199,1772139101
yyc-c1-r259,stale,5708,0.7275753328661527,0,1
yyc-c1-r261,lastSeen,1126,1763218297.0106573,1758061201,1772138846
yyc-c1-r261,stale,5622,0.7388829598007827,0,1
yyc-c1-r263,lastSeen,1094,1763311333.8866544,1757017106,1772138837
yyc-c1-r263,stale,5593,0.7169676381190774,0,1
yyc-c1-r299,lastSeen,1103,1763132400.330009,1758061151,1772138779
yyc-c1-r299,stale,5617,0.7391846181235535,0,1
yyc-c1-r3,lastSeen,1349,1761827713.1393626,1758061900,1772140195
yyc-c1-r3,stale,5680,0.7316901408450704,0,1
yyc-c1-r301,lastSeen,1089,1763188786.1625345,1758061151,1772138791
yyc-c1-r301,stale,5585,0.7437779767233662,0,1
yyc-c1-r303,lastSeen,1068,1763254549.0,1758061176,1772138901
yyc-c1-r303,stale,5673,0.73224043715847,0,1
yyc-c1-r305,lastSeen,1104,1763181765.8324275,1758061304,1772138898
yyc-c1-r305,stale,5593,0.7427141069193635,0,1
yyc-c1-r332,lastSeen,1165,1762364842.4472103,1757017139,1772138922
yyc-c1-r332,stale,5585,0.7179946284691137,0,1
yyc-c1-r334,lastSeen,1606,1762813333.8449564,1757017115,1772138905
yyc-c1-r334,stale,5756,0.6841556636553162,0,1
yyc-c1-r336,lastSeen,1345,1762003834.411896,1757017111,1772138883
yyc-c1-r336,stale,5601,0.715943581503303,0,1
yyc-c1-r338,lastSeen,1926,1762939536.9890966,1758061287,1772138878
yyc-c1-r338,stale,5728,0.7126396648044693,0,1
yyc-c1-r39,lastSeen,819,1763208641.5274725,1758062019,1772139703
yyc-c1-r39,stale,5593,0.7427141069193635,0,1
yyc-c1-r41,lastSeen,835,1763280831.5185628,1758062055,1772139698
yyc-c1-r41,stale,5576,0.7453371592539455,0,1
yyc-c1-r43,lastSeen,853,1763425076.8898008,1758061955,1772139602
yyc-c1-r43,stale,5626,0.7388908638464273,0,1
yyc-c1-r45,lastSeen,846,1763206212.3014185,1758061957,1772139636
yyc-c1-r45,stale,5598,0.7420507324044302,0,1
yyc-c1-r47,lastSeen,1041,1763021704.707973,1758061675,1772139619
yyc-c1-r47,stale,5736,0.7243723849372385,0,1
yyc-c1-r49,lastSeen,960,1762946603.2385416,1758061645,1772139254
yyc-c1-r49,stale,5648,0.7354815864022662,0,1
yyc-c1-r5,lastSeen,1121,1762497922.1293488,1758061900,1772139569
yyc-c1-r5,stale,5620,0.7396797153024911,0,1
yyc-c1-r51,lastSeen,980,1762963818.6765306,1758061647,1772139286
yyc-c1-r51,stale,5718,0.726477789436866,0,1
yyc-c1-r7,lastSeen,1195,1762034380.9941423,1758061879,1772139559
yyc-c1-r7,stale,5627,0.7385818375688644,0,1
yyc-c1-r77,lastSeen,971,1763087043.9598353,1758061598,1772139273
yyc-c1-r77,stale,5656,0.7342644978783592,0,1
yyc-c1-r79,lastSeen,984,1762936377.512195,1758061576,1772139225
yyc-c1-r79,stale,5693,0.7296680133497278,0,1
yyc-c1-r81,lastSeen,921,1762904687.4473398,1758061612,1772139213
yyc-c1-r81,stale,5637,0.7370941990420437,0,1
yyc-c1-r83,lastSeen,962,1762940626.7609148,1758061613,1772139403
yyc-c1-r83,stale,5685,0.7306948109058927,0,1
yyc-c1-r85,lastSeen,960,1762907584.1802084,1758061789,1772139434
yyc-c1-r85,stale,5664,0.7337570621468926,0,1
yyc-c1-r87,lastSeen,954,1762999056.2798743,1758061747,1772139428
yyc-c1-r87,stale,5674,0.7322876277758196,0,1
yyc-c1-r9,lastSeen,905,1762781257.9546962,1758061854,1772139469
yyc-c1-r9,stale,5579,0.7449363685248253,0,1
yyc-c2-r10,lastSeen,933,1763241814.534834,1749747195,1772140824
yyc-c2-r10,stale,7377,0.8278432967330893,0,1
yyc-c2-r12,lastSeen,1091,1763719137.4775436,1749749094,1772140795
yyc-c2-r12,stale,7462,0.8185473063521844,0,1
yyc-c2-r124,lastSeen,940,1764817672.1138299,1749747194,1772140741
yyc-c2-r124,stale,7400,0.8252702702702702,0,1
yyc-c2-r126,lastSeen,966,1764898405.026915,1749747191,1772138659
yyc-c2-r126,stale,7372,0.8285404232230059,0,1
yyc-c2-r128,lastSeen,672,1764762673.450893,1749747193,1772140754
yyc-c2-r128,stale,7303,0.8363686156374093,0,1
yyc-c2-r130,lastSeen,1007,1764780659.6395233,1749747192,1772140752
yyc-c2-r130,stale,7368,0.8288545059717698,0,1
yyc-c2-r132,lastSeen,952,1765006087.934874,1749747217,1772138912
yyc-c2-r132,stale,7347,0.8313597386688444,0,1
yyc-c2-r134,lastSeen,814,1765588867.6388206,1749749969,1772140749
yyc-c2-r134,stale,7299,0.8369639676668037,0,1
yyc-c2-r136,lastSeen,813,1765775131.306273,1749749712,1772140746
yyc-c2-r136,stale,7317,0.8349050157168239,0,1
yyc-c2-r138,lastSeen,571,1765888408.637478,1749749952,1772140745
yyc-c2-r138,stale,7204,0.8478622987229317,0,1
yyc-c2-r140,lastSeen,952,1764913127.5514705,1749747216,1772140733
yyc-c2-r140,stale,7380,0.8276422764227642,0,1
yyc-c2-r146,lastSeen,965,1764521064.0559585,1749749113,1772140740
yyc-c2-r146,stale,7445,0.8202820685023505,0,1
yyc-c2-r148,lastSeen,921,1764721381.4701412,1749749726,1772140785
yyc-c2-r148,stale,7353,0.8304093567251462,0,1
yyc-c2-r150,lastSeen,1051,1764602461.2017126,1749749072,1772140766
yyc-c2-r150,stale,7432,0.8218514531754575,0,1
yyc-c2-r152,lastSeen,1058,1764272636.721172,1749749087,1772140693
yyc-c2-r152,stale,7435,0.821385339609953,0,1
yyc-c2-r154,lastSeen,1078,1764497646.1122448,1749749714,1772140732
yyc-c2-r154,stale,7466,0.8181087597106884,0,1
yyc-c2-r156,lastSeen,904,1764699705.5243363,1749749094,1772140723
yyc-c2-r156,stale,7421,0.82306966716076,0,1
yyc-c2-r158,lastSeen,890,1765126753.8292134,1749747207,1772140705
yyc-c2-r158,stale,7348,0.8311105062602069,0,1
yyc-c2-r160,lastSeen,838,1764905843.9164677,1749752299,1772140708
yyc-c2-r160,stale,7326,0.8338793338793339,0,1
yyc-c2-r162,lastSeen,905,1764733550.0331492,1749749131,1772140717
yyc-c2-r162,stale,7380,0.8275067750677507,0,1
yyc-c2-r168,lastSeen,960,1764725039.209375,1749747205,1772138807
yyc-c2-r168,stale,7329,0.8332651112020739,0,1
yyc-c2-r170,lastSeen,881,1764790629.1316686,1749747204,1772138865
yyc-c2-r170,stale,7336,0.8324700109051254,0,1
yyc-c2-r172,lastSeen,919,1764589180.2089226,1749747213,1772138864
yyc-c2-r172,stale,7325,0.8337201365187713,0,1
yyc-c2-r174,lastSeen,932,1764677177.863734,1749747215,1772138875
yyc-c2-r174,stale,7320,0.8342896174863388,0,1
yyc-c2-r176,lastSeen,920,1764825812.0152173,1749747208,1772138867
yyc-c2-r176,stale,7316,0.8347457627118644,0,1
yyc-c2-r178,lastSeen,952,1764868157.7510505,1749747209,1772138860
yyc-c2-r178,stale,7322,0.8340617317672767,0,1
yyc-c2-r180,lastSeen,641,1765069390.5382216,1749747210,1772138859
yyc-c2-r180,stale,7235,0.8440912232204562,0,1
yyc-c2-r182,lastSeen,669,1765178573.433483,1749749258,1772140831
yyc-c2-r182,stale,7261,0.8312904558600743,0,1
yyc-c2-r184,lastSeen,914,1764852216.775711,1749747157,1772138256
yyc-c2-r184,stale,7293,0.8276429452900042,0,1
yyc-c2-r190,lastSeen,866,1765943296.256351,1749749261,1772140830
yyc-c2-r190,stale,7330,0.8234652114597545,0,1
yyc-c2-r192,lastSeen,677,1765960093.2289512,1749747155,1772138214
yyc-c2-r192,stale,7265,0.8308327598072952,0,1
yyc-c2-r194,lastSeen,897,1766065005.0791528,1749747156,1772140828
yyc-c2-r194,stale,7324,0.8339705079191698,0,1
yyc-c2-r196,lastSeen,881,1765695396.755959,1749749245,1772140826
yyc-c2-r196,stale,7360,0.8298913043478261,0,1
yyc-c2-r198,lastSeen,673,1766235666.4799407,1749751976,1772140821
yyc-c2-r198,stale,7268,0.8406714364336819,0,1
yyc-c2-r200,lastSeen,966,1764934652.2556937,1749747160,1772140814
yyc-c2-r200,stale,7380,0.8276422764227642,0,1
yyc-c2-r202,lastSeen,978,1764904271.030675,1749747159,1772140846
yyc-c2-r202,stale,7362,0.8295300190165715,0,1
yyc-c2-r204,lastSeen,949,1765005810.6512117,1749747162,1772140835
yyc-c2-r204,stale,7382,0.8274180438905445,0,1
yyc-c2-r206,lastSeen,1097,1765001437.6071103,1749747161,1772140882
yyc-c2-r206,stale,7489,0.6533582587795433,0,1
yyc-c2-r212,lastSeen,1360,1763655514.077206,1749747146,1772140897
yyc-c2-r212,stale,7694,0.1512867169222771,0,1
yyc-c2-r214,lastSeen,1243,1763450894.2485921,1749747145,1772140895
yyc-c2-r214,stale,7569,0.21931562954155107,0,1
yyc-c2-r216,lastSeen,1179,1763325063.533503,1749749157,1772140858
yyc-c2-r216,stale,7739,0.1365809536115777,0,1
yyc-c2-r218,lastSeen,1430,1763038229.4762237,1749749861,1772140866
yyc-c2-r218,stale,7759,0.1234695192679469,0,1
yyc-c2-r220,lastSeen,1140,1764070369.2929823,1749747152,1772140864
yyc-c2-r220,stale,7530,0.3537848605577689,0,1
yyc-c2-r222,lastSeen,688,1765378325.672965,1749747152,1772140929
yyc-c2-r222,stale,7250,0.8424827586206897,0,1
yyc-c2-r224,lastSeen,941,1764922482.4505844,1749747154,1772140717
yyc-c2-r224,stale,7328,0.8236899563318777,0,1
yyc-c2-r226,lastSeen,930,1764773527.1763442,1749747149,1772140911
yyc-c2-r226,stale,7317,0.7470274702747027,0,1
yyc-c2-r228,lastSeen,995,1764396370.7336683,1749747147,1772140923
yyc-c2-r228,stale,7375,0.599864406779661,0,1
yyc-c2-r234,lastSeen,906,1765103275.0198677,1749747150,1772140923
yyc-c2-r234,stale,7324,0.7936919716002184,0,1
yyc-c2-r236,lastSeen,855,1764886123.0502925,1749749421,1772138470
yyc-c2-r236,stale,7313,0.8352249418843156,0,1
yyc-c2-r238,lastSeen,878,1765071321.6252847,1749747178,1772138485
yyc-c2-r238,stale,7325,0.8338566552901024,0,1
yyc-c2-r240,lastSeen,628,1765165764.821656,1749747177,1772140749
yyc-c2-r240,stale,7248,0.8427152317880795,0,1
yyc-c2-r242,lastSeen,894,1764828912.3948545,1749747176,1772138437
yyc-c2-r242,stale,7297,0.8370563245169248,0,1
yyc-c2-r244,lastSeen,896,1764915990.1830356,1749749402,1772140753
yyc-c2-r244,stale,7314,0.8351107465135357,0,1
yyc-c2-r246,lastSeen,906,1764831095.467991,1749747184,1772138532
yyc-c2-r246,stale,7335,0.832719836400818,0,1
yyc-c2-r248,lastSeen,886,1764788096.217833,1749747184,1772138546
yyc-c2-r248,stale,7296,0.8370339912280702,0,1
yyc-c2-r250,lastSeen,890,1764783322.5089889,1749747182,1772140746
yyc-c2-r250,stale,7323,0.8339478355865083,0,1
yyc-c2-r256,lastSeen,913,1764960531.1719606,1749747180,1772138501
yyc-c2-r256,stale,7297,0.8370563245169248,0,1
yyc-c2-r258,lastSeen,921,1764863718.5157437,1749747179,1772138516
yyc-c2-r258,stale,7331,0.8331741917882963,0,1
yyc-c2-r260,lastSeen,889,1764785345.8042746,1749747164,1772140698
yyc-c2-r260,stale,7318,0.8346542771248975,0,1
yyc-c2-r262,lastSeen,634,1765152104.5347004,1749747164,1772138374
yyc-c2-r262,stale,7232,0.8445796460176991,0,1
yyc-c2-r264,lastSeen,921,1764817102.9880564,1749747165,1772140728
yyc-c2-r264,stale,7292,0.8376302797586396,0,1
yyc-c2-r300,lastSeen,876,1765799148.0719178,1749749316,1772140703
yyc-c2-r300,stale,7339,0.8324022346368715,0,1
yyc-c2-r302,lastSeen,864,1765808230.9351852,1749747163,1772140840
yyc-c2-r302,stale,7335,0.832719836400818,0,1
yyc-c2-r304,lastSeen,935,1764831010.5828876,1749749323,1772140837
yyc-c2-r304,stale,7341,0.8320392317123008,0,1
yyc-c2-r306,lastSeen,664,1764792401.4006023,1749747173,1772140849
yyc-c2-r306,stale,7263,0.8409748038000826,0,1
yyc-c2-r333,lastSeen,1105,1762328389.9031675,1749747174,1772140849
yyc-c2-r333,stale,7318,0.8346542771248975,0,1
yyc-c2-r335,lastSeen,1702,1764372961.7262044,1749747168,1772138417
yyc-c2-r335,stale,7417,0.8235135499528111,0,1
yyc-c2-r337,lastSeen,1246,1762944941.522472,1749747168,1772140818
yyc-c2-r337,stale,7359,0.8251121076233184,0,1
yyc-c2-r339,lastSeen,1096,1762403794.6021898,1749747169,1772138396
yyc-c2-r339,stale,7327,0.8324007097038352,0,1
yyc-c2-r4,lastSeen,1061,1763631250.6578698,1749747197,1772140848
yyc-c2-r4,stale,7437,0.8212989108511497,0,1
yyc-c2-r40,lastSeen,934,1764821313.2044969,1749747200,1772140809
yyc-c2-r40,stale,7387,0.8268579937728442,0,1
yyc-c2-r42,lastSeen,969,1764949779.495356,1749747201,1772140845
yyc-c2-r42,stale,7378,0.827866630523177,0,1
yyc-c2-r44,lastSeen,968,1764780238.3729339,1749747202,1772140833
yyc-c2-r44,stale,7374,0.8283157038242474,0,1
yyc-c2-r46,lastSeen,961,1764732728.9979188,1749749113,1772140836
yyc-c2-r46,stale,7399,0.8255169617515881,0,1
yyc-c2-r48,lastSeen,957,1764914796.8850574,1749747200,1772140840
yyc-c2-r48,stale,7398,0.8256285482562855,0,1
yyc-c2-r50,lastSeen,979,1764869692.4688458,1749747188,1772140714
yyc-c2-r50,stale,7436,0.8212748789671867,0,1
yyc-c2-r6,lastSeen,839,1764462007.3277712,1749747199,1772140846
yyc-c2-r6,stale,7359,0.8301399646691127,0,1
yyc-c2-r78,lastSeen,872,1764691418.3612385,1749749110,1772140726
yyc-c2-r78,stale,7334,0.8317425688573766,0,1
yyc-c2-r8,lastSeen,1212,1764878827.1080859,1749749126,1772140799
yyc-c2-r8,stale,7464,0.8181939978563773,0,1
yyc-c2-r80,lastSeen,878,1764712223.7927108,1749747190,1772140731
yyc-c2-r80,stale,7362,0.8296658516707417,0,1
yyc-c2-r82,lastSeen,879,1764465351.0841866,1749747189,1772140693
yyc-c2-r82,stale,7354,0.8305683981506663,0,1
yyc-c2-r84,lastSeen,700,1765253643.1314285,1749749483,1772140768
yyc-c2-r84,stale,7267,0.8405119031237099,0,1
yyc-c2-r86,lastSeen,577,1765235941.409012,1749749960,1772140760
yyc-c2-r86,stale,7230,0.8449515905947441,0,1
yyc-c2-r88,lastSeen,728,1765155887.9986265,1749749099,1772138651
yyc-c2-r88,stale,7267,0.8405119031237099,0,1
