location_id,n_amb,n_int,med_amb,med_int,dT_med
yyc-c1-r11,205,205,20.0,20.0,0.0
yyc-c1-r123,145,145,19.0,19.0,0.0
yyc-c1-r125,145,145,17.0,17.0,0.0
yyc-c1-r127,156,156,19.5,19.5,0.0
yyc-c1-r129,150,150,19.0,19.0,0.0
yyc-c1-r13,198,198,20.5,20.5,0.0
yyc-c1-r131,160,160,20.0,20.0,0.0
yyc-c1-r133,141,141,19.0,19.0,0.0
yyc-c1-r135,148,148,18.5,18.5,0.0
yyc-c1-r137,135,135,20.0,20.0,0.0
yyc-c1-r139,136,136,19.0,19.0,0.0
yyc-c1-r145,156,156,19.0,19.0,0.0
yyc-c1-r147,156,156,17.0,17.0,0.0
yyc-c1-r149,149,149,16.0,16.0,0.0
yyc-c1-r151,174,174,18.0,18.0,0.0
yyc-c1-r153,153,153,17.0,17.0,0.0
yyc-c1-r155,174,174,19.0,19.0,0.0
yyc-c1-r157,171,171,18.0,18.0,0.0
yyc-c1-r159,181,181,19.0,19.0,0.0
yyc-c1-r161,180,180,16.0,16.0,0.0
yyc-c1-r167,223,223,19.0,19.0,0.0
yyc-c1-r169,217,217,20.0,20.0,0.0
yyc-c1-r171,223,223,19.0,19.0,0.0
yyc-c1-r173,227,227,19.0,19.0,0.0
yyc-c1-r175,231,231,20.0,20.0,0.0
yyc-c1-r177,207,207,20.0,20.0,0.0
yyc-c1-r179,211,211,20.0,20.0,0.0
yyc-c1-r181,229,229,19.0,19.0,0.0
yyc-c1-r183,205,205,20.0,20.0,0.0
yyc-c1-r189,150,150,20.0,20.0,0.0
yyc-c1-r191,167,167,19.0,19.0,0.0
yyc-c1-r193,167,167,18.0,18.0,0.0
yyc-c1-r195,147,147,18.0,18.0,0.0
yyc-c1-r197,143,143,20.0,20.0,0.0
yyc-c1-r199,173,173,20.0,20.0,0.0
yyc-c1-r201,184,184,21.0,21.0,0.0
yyc-c1-r203,162,162,21.0,21.0,0.0
yyc-c1-r205,166,166,19.5,19.5,0.0
yyc-c1-r211,79,79,18.0,18.0,0.0
yyc-c1-r213,84,84,19.0,19.0,0.0
yyc-c1-r215,78,78,19.0,19.0,0.0
yyc-c1-r217,82,82,20.5,20.5,0.0
yyc-c1-r219,88,88,20.0,20.0,0.0
yyc-c1-r221,115,115,20.0,20.0,0.0
yyc-c1-r223,93,93,21.0,21.0,0.0
yyc-c1-r225,69,69,19.0,19.0,0.0
yyc-c1-r227,96,96,19.0,19.0,0.0
yyc-c1-r233,212,212,20.0,20.0,0.0
yyc-c1-r235,225,225,19.0,19.0,0.0
yyc-c1-r237,226,226,19.0,19.0,0.0
yyc-c1-r239,228,228,19.0,19.0,0.0
yyc-c1-r241,227,227,19.0,19.0,0.0
yyc-c1-r243,231,231,20.0,20.0,0.0
yyc-c1-r245,217,217,20.0,20.0,0.0
yyc-c1-r247,222,222,19.5,19.5,0.0
yyc-c1-r249,214,214,20.0,20.0,0.0
yyc-c1-r255,228,228,19.0,19.0,0.0
yyc-c1-r257,233,233,19.0,19.0,0.0
yyc-c1-r259,224,224,19.0,19.0,0.0
yyc-c1-r261,237,237,20.0,20.0,0.0
yyc-c1-r263,223,223,20.0,20.0,0.0
yyc-c1-r299,222,222,18.0,18.0,0.0
yyc-c1-r3,221,221,20.0,20.0,0.0
yyc-c1-r301,226,226,19.0,19.0,0.0
yyc-c1-r303,211,211,20.0,20.0,0.0
yyc-c1-r305,226,226,19.0,19.0,0.0
yyc-c1-r332,227,227,18.0,18.0,0.0
yyc-c1-r334,221,221,20.0,20.0,0.0
yyc-c1-r336,221,221,19.0,19.0,0.0
yyc-c1-r338,231,231,20.0,20.0,0.0
yyc-c1-r39,150,150,20.0,20.0,0.0
yyc-c1-r41,169,169,20.0,20.0,0.0
yyc-c1-r43,154,154,20.0,20.0,0.0
yyc-c1-r45,151,151,21.0,21.0,0.0
yyc-c1-r47,192,192,20.0,20.0,0.0
yyc-c1-r49,181,181,19.0,19.0,0.0
yyc-c1-r5,216,216,20.0,20.0,0.0
yyc-c1-r51,163,163,19.0,19.0,0.0
yyc-c1-r7,229,229,21.0,21.0,0.0
yyc-c1-r77,181,181,21.0,21.0,0.0
yyc-c1-r79,195,195,20.0,20.0,0.0
yyc-c1-r81,200,200,20.0,20.0,0.0
yyc-c1-r83,195,195,21.0,21.0,0.0
yyc-c1-r85,187,187,21.0,21.0,0.0
yyc-c1-r87,188,188,21.0,21.0,0.0
yyc-c1-r9,193,193,20.0,20.0,0.0
yyc-c2-r10,104,96,12.0,11.0,-1.0
yyc-c2-r12,108,99,11.0,10.0,-1.0
yyc-c2-r124,153,138,12.0,11.0,-1.0
yyc-c2-r126,152,142,12.0,11.0,-1.0
yyc-c2-r128,157,143,12.0,11.0,-1.0
yyc-c2-r130,169,156,12.0,11.0,-1.0
yyc-c2-r132,153,138,12.0,10.5,-1.5
yyc-c2-r134,129,118,11.0,10.0,-1.0
yyc-c2-r136,120,111,11.0,10.0,-1.0
yyc-c2-r138,124,113,12.0,11.0,-1.0
yyc-c2-r140,152,137,11.0,10.0,-1.0
yyc-c2-r146,74,68,11.0,10.0,-1.0
yyc-c2-r148,77,73,11.0,10.0,-1.0
yyc-c2-r150,84,75,10.0,8.0,-2.0
yyc-c2-r152,75,67,12.0,11.0,-1.0
yyc-c2-r154,86,78,11.0,10.0,-1.0
yyc-c2-r156,142,130,12.0,11.0,-1.0
yyc-c2-r158,141,126,13.0,12.0,-1.0
yyc-c2-r160,128,114,12.0,11.0,-1.0
yyc-c2-r162,140,131,12.5,12.0,-0.5
yyc-c2-r168,167,149,13.0,12.0,-1.0
yyc-c2-r170,162,152,12.5,12.0,-0.5
yyc-c2-r172,171,155,13.0,12.0,-1.0
yyc-c2-r174,166,150,14.0,13.0,-1.0
yyc-c2-r176,168,152,13.0,12.0,-1.0
yyc-c2-r178,169,154,13.0,11.0,-2.0
yyc-c2-r180,164,147,13.0,11.0,-2.0
yyc-c2-r182,163,146,13.0,11.0,-2.0
yyc-c2-r184,161,149,12.0,10.0,-2.0
yyc-c2-r190,140,132,11.0,10.0,-1.0
yyc-c2-r192,133,126,10.0,9.5,-0.5
yyc-c2-r194,130,124,11.0,10.0,-1.0
yyc-c2-r196,138,129,10.0,10.0,0.0
yyc-c2-r198,135,125,11.0,11.0,0.0
yyc-c2-r200,159,146,14.0,12.5,-1.5
yyc-c2-r202,152,138,12.0,11.0,-1.0
yyc-c2-r204,155,143,13.0,12.0,-1.0
yyc-c2-r206,157,143,14.0,12.0,-2.0
yyc-c2-r212,167,156,12.0,12.0,0.0
yyc-c2-r214,177,160,14.0,12.0,-2.0
yyc-c2-r216,164,148,13.0,12.0,-1.0
yyc-c2-r218,163,149,12.0,11.0,-1.0
yyc-c2-r220,166,153,11.5,10.0,-1.5
yyc-c2-r222,170,155,13.0,12.0,-1.0
yyc-c2-r224,160,145,12.5,11.0,-1.5
yyc-c2-r226,158,144,12.5,11.0,-1.5
yyc-c2-r228,159,143,12.0,11.0,-1.0
yyc-c2-r234,149,134,13.0,11.0,-2.0
yyc-c2-r236,156,142,12.0,10.5,-1.5
yyc-c2-r238,151,137,11.0,10.0,-1.0
yyc-c2-r240,166,147,13.0,11.0,-2.0
yyc-c2-r242,163,147,13.0,11.0,-2.0
yyc-c2-r244,169,156,11.0,11.0,0.0
yyc-c2-r246,167,151,13.0,11.0,-2.0
yyc-c2-r248,168,153,12.0,11.0,-1.0
yyc-c2-r250,157,143,13.0,11.0,-2.0
yyc-c2-r256,159,143,13.0,11.0,-2.0
yyc-c2-r258,164,148,12.0,11.0,-1.0
yyc-c2-r260,170,154,13.0,12.0,-1.0
yyc-c2-r262,162,149,13.0,12.0,-1.0
yyc-c2-r264,170,151,13.0,11.0,-2.0
yyc-c2-r300,134,124,11.0,11.0,0.0
yyc-c2-r302,132,124,10.0,10.0,0.0
yyc-c2-r304,158,145,12.0,11.0,-1.0
yyc-c2-r306,164,147,13.0,11.0,-2.0
yyc-c2-r333,167,153,13.0,12.0,-1.0
yyc-c2-r335,164,148,13.0,12.0,-1.0
yyc-c2-r337,166,152,13.0,12.0,-1.0
yyc-c2-r339,163,146,12.0,10.5,-1.5
yyc-c2-r4,101,93,12.0,11.0,-1.0
yyc-c2-r40,157,146,11.0,9.5,-1.5
yyc-c2-r42,152,142,11.0,10.0,-1.0
yyc-c2-r44,156,144,12.0,10.5,-1.5
yyc-c2-r46,140,126,12.5,11.0,-1.5
yyc-c2-r48,146,134,13.0,12.0,-1.0
yyc-c2-r50,144,132,12.0,11.0,-1.0
yyc-c2-r6,106,100,12.0,12.0,0.0
yyc-c2-r78,155,141,12.0,11.0,-1.0
yyc-c2-r8,102,94,12.5,12.0,-0.5
yyc-c2-r80,142,128,12.0,11.0,-1.0
yyc-c2-r82,137,119,13.0,11.0,-2.0
yyc-c2-r84,115,105,11.0,10.0,-1.0
yyc-c2-r86,126,115,11.0,10.0,-1.0
yyc-c2-r88,119,107,11.0,10.0,-1.0
